{
  "importmap": {
    "imports": {
      "prop-types": "https://ga.jspm.io/npm:prop-types@15.7.2/index.js",
      "react": "https://ga.jspm.io/npm:react@17.0.2/index.js",
      "react-dom": "https://ga.jspm.io/npm:react-dom@17.0.2/index.js",
      "react-helmet": "https://ga.jspm.io/npm:react-helmet@6.1.0/lib/Helmet.js",
      "react-router": "https://ga.jspm.io/npm:react-router@5.2.1/esm/react-router.js",
      "react-router-dom": "https://ga.jspm.io/npm:react-router-dom@5.3.0/esm/react-router-dom.js"
    },
    "scopes": {
      "https://ga.jspm.io/": {
        "@babel/runtime/helpers/esm/extends": "https://ga.jspm.io/npm:@babel/runtime@7.16.5/helpers/esm/extends.js",
        "@babel/runtime/helpers/esm/inheritsLoose": "https://ga.jspm.io/npm:@babel/runtime@7.16.5/helpers/esm/inheritsLoose.js",
        "@babel/runtime/helpers/esm/objectWithoutPropertiesLoose": "https://ga.jspm.io/npm:@babel/runtime@7.16.5/helpers/esm/objectWithoutPropertiesLoose.js",
        "@babel/runtime/helpers/inheritsLoose": "https://ga.jspm.io/npm:@babel/runtime@7.16.5/helpers/inheritsLoose.js",
        "history": "https://ga.jspm.io/npm:history@4.10.1/index.js",
        "hoist-non-react-statics": "https://ga.jspm.io/npm:hoist-non-react-statics@3.3.2/dist/hoist-non-react-statics.cjs.js",
        "isarray": "https://ga.jspm.io/npm:isarray@0.0.1/index.js",
        "mini-create-react-context": "https://ga.jspm.io/npm:mini-create-react-context@0.4.1/dist/cjs/index.js",
        "object-assign": "https://ga.jspm.io/npm:object-assign@4.1.1/index.js",
        "path-to-regexp": "https://ga.jspm.io/npm:path-to-regexp@1.8.0/index.js",
        "react-fast-compare": "https://ga.jspm.io/npm:react-fast-compare@3.2.0/index.js",
        "react-is": "https://ga.jspm.io/npm:react-is@16.13.1/index.js",
        "react-side-effect": "https://ga.jspm.io/npm:react-side-effect@2.1.1/lib/index.js",
        "resolve-pathname": "https://ga.jspm.io/npm:resolve-pathname@3.0.0/index.js",
        "scheduler": "https://ga.jspm.io/npm:scheduler@0.20.2/index.js",
        "tiny-invariant": "https://ga.jspm.io/npm:tiny-invariant@1.1.0/dist/tiny-invariant.cjs.js",
        "tiny-warning": "https://ga.jspm.io/npm:tiny-warning@1.0.3/dist/tiny-warning.esm.js",
        "value-equal": "https://ga.jspm.io/npm:value-equal@1.0.1/index.js"
      }
    }
  }
}